Source,Target,Weight,Type,Start,End,Label
1,2,1,"undirected",1,52,"node 1 to 2"
1,3,1,"undirected",1,52,"node 1 to 3"
1,5,1,"undirected",1,52,"node 1 to 5"
1,6,1,"undirected",1,52,"node 1 to 6"
1,7,1,"undirected",1,52,"node 1 to 7"
1,9,1,"undirected",1,52,"node 1 to 9"
1,10,1,"undirected",1,52,"node 1 to 10"
1,11,1,"undirected",1,52,"node 1 to 11"
1,17,1,"undirected",1,52,"node 1 to 17"
1,32,1,"undirected",1,52,"node 1 to 32"
1,37,1,"undirected",1,52,"node 1 to 37"
1,50,1,"undirected",1,52,"node 1 to 50"
1,70,1,"undirected",1,52,"node 1 to 70"
1,72,1,"undirected",1,52,"node 1 to 72"
2,1,1,"undirected",1,52,"node 2 to 1"
2,3,1,"undirected",1,52,"node 2 to 3"
2,4,1,"undirected",1,52,"node 2 to 4"
2,5,1,"undirected",1,52,"node 2 to 5"
2,6,1,"undirected",1,52,"node 2 to 6"
2,7,1,"undirected",1,52,"node 2 to 7"
2,8,1,"undirected",1,52,"node 2 to 8"
2,9,1,"undirected",1,52,"node 2 to 9"
2,10,1,"undirected",1,52,"node 2 to 10"
2,11,1,"undirected",1,52,"node 2 to 11"
2,12,1,"undirected",1,52,"node 2 to 12"
2,13,1,"undirected",1,52,"node 2 to 13"
2,15,1,"undirected",1,52,"node 2 to 15"
2,16,1,"undirected",1,52,"node 2 to 16"
2,17,1,"undirected",1,52,"node 2 to 17"
2,18,1,"undirected",1,52,"node 2 to 18"
2,19,1,"undirected",1,52,"node 2 to 19"
2,20,1,"undirected",1,52,"node 2 to 20"
2,21,1,"undirected",1,52,"node 2 to 21"
2,22,1,"undirected",1,52,"node 2 to 22"
2,23,1,"undirected",1,52,"node 2 to 23"
2,24,1,"undirected",1,52,"node 2 to 24"
2,25,1,"undirected",1,52,"node 2 to 25"
2,26,1,"undirected",1,52,"node 2 to 26"
2,28,1,"undirected",1,52,"node 2 to 28"
2,29,1,"undirected",1,52,"node 2 to 29"
2,30,1,"undirected",1,52,"node 2 to 30"
2,31,1,"undirected",1,52,"node 2 to 31"
2,32,1,"undirected",1,52,"node 2 to 32"
2,33,1,"undirected",1,52,"node 2 to 33"
2,34,1,"undirected",1,52,"node 2 to 34"
2,35,1,"undirected",1,52,"node 2 to 35"
2,38,1,"undirected",1,52,"node 2 to 38"
2,40,1,"undirected",1,52,"node 2 to 40"
2,41,1,"undirected",1,52,"node 2 to 41"
2,42,1,"undirected",1,52,"node 2 to 42"
2,43,1,"undirected",1,52,"node 2 to 43"
2,44,1,"undirected",1,52,"node 2 to 44"
2,45,1,"undirected",1,52,"node 2 to 45"
2,46,1,"undirected",1,52,"node 2 to 46"
2,47,1,"undirected",1,52,"node 2 to 47"
2,48,1,"undirected",1,52,"node 2 to 48"
2,49,1,"undirected",1,52,"node 2 to 49"
2,52,1,"undirected",1,52,"node 2 to 52"
2,53,1,"undirected",1,52,"node 2 to 53"
2,56,1,"undirected",1,52,"node 2 to 56"
2,57,1,"undirected",1,52,"node 2 to 57"
2,62,1,"undirected",1,52,"node 2 to 62"
2,63,1,"undirected",1,52,"node 2 to 63"
2,65,1,"undirected",1,52,"node 2 to 65"
2,66,1,"undirected",1,52,"node 2 to 66"
2,67,1,"undirected",1,52,"node 2 to 67"
2,69,1,"undirected",1,52,"node 2 to 69"
2,71,1,"undirected",1,52,"node 2 to 71"
2,72,1,"undirected",1,52,"node 2 to 72"
2,73,1,"undirected",1,52,"node 2 to 73"
2,77,1,"undirected",1,52,"node 2 to 77"
2,79,1,"undirected",1,52,"node 2 to 79"
2,80,1,"undirected",1,52,"node 2 to 80"
2,82,1,"undirected",1,52,"node 2 to 82"
2,87,1,"undirected",1,52,"node 2 to 87"
3,1,1,"undirected",1,52,"node 3 to 1"
3,2,1,"undirected",1,52,"node 3 to 2"
3,4,1,"undirected",1,52,"node 3 to 4"
3,5,1,"undirected",1,52,"node 3 to 5"
3,6,1,"undirected",1,52,"node 3 to 6"
3,9,1,"undirected",1,52,"node 3 to 9"
3,11,1,"undirected",1,52,"node 3 to 11"
3,14,1,"undirected",1,52,"node 3 to 14"
3,15,1,"undirected",1,52,"node 3 to 15"
3,16,1,"undirected",1,52,"node 3 to 16"
3,17,1,"undirected",1,52,"node 3 to 17"
3,19,1,"undirected",1,52,"node 3 to 19"
3,20,1,"undirected",1,52,"node 3 to 20"
3,26,1,"undirected",1,52,"node 3 to 26"
3,32,1,"undirected",1,52,"node 3 to 32"
3,38,1,"undirected",1,52,"node 3 to 38"
3,41,1,"undirected",1,52,"node 3 to 41"
3,42,1,"undirected",1,52,"node 3 to 42"
3,45,1,"undirected",1,52,"node 3 to 45"
3,47,1,"undirected",1,52,"node 3 to 47"
3,57,1,"undirected",1,52,"node 3 to 57"
3,59,1,"undirected",1,52,"node 3 to 59"
3,64,1,"undirected",1,52,"node 3 to 64"
3,73,1,"undirected",1,52,"node 3 to 73"
3,78,1,"undirected",1,52,"node 3 to 78"
3,94,1,"undirected",1,52,"node 3 to 94"
3,100,1,"undirected",1,52,"node 3 to 100"
4,2,1,"undirected",2,52,"node 4 to 2"
4,3,1,"undirected",2,52,"node 4 to 3"
4,5,1,"undirected",2,52,"node 4 to 5"
4,8,1,"undirected",2,52,"node 4 to 8"
4,12,1,"undirected",2,52,"node 4 to 12"
4,13,1,"undirected",2,52,"node 4 to 13"
4,16,1,"undirected",2,52,"node 4 to 16"
4,18,1,"undirected",2,52,"node 4 to 18"
4,21,1,"undirected",2,52,"node 4 to 21"
4,25,1,"undirected",2,52,"node 4 to 25"
4,27,1,"undirected",2,52,"node 4 to 27"
4,29,1,"undirected",2,52,"node 4 to 29"
4,30,1,"undirected",2,52,"node 4 to 30"
4,31,1,"undirected",2,52,"node 4 to 31"
4,33,1,"undirected",2,52,"node 4 to 33"
4,35,1,"undirected",2,52,"node 4 to 35"
4,40,1,"undirected",2,52,"node 4 to 40"
4,43,1,"undirected",2,52,"node 4 to 43"
4,47,1,"undirected",2,52,"node 4 to 47"
4,51,1,"undirected",2,52,"node 4 to 51"
4,52,1,"undirected",2,52,"node 4 to 52"
4,53,1,"undirected",2,52,"node 4 to 53"
4,56,1,"undirected",2,52,"node 4 to 56"
4,63,1,"undirected",2,52,"node 4 to 63"
4,64,1,"undirected",2,52,"node 4 to 64"
4,75,1,"undirected",2,52,"node 4 to 75"
4,80,1,"undirected",2,52,"node 4 to 80"
4,84,1,"undirected",2,52,"node 4 to 84"
4,94,1,"undirected",2,52,"node 4 to 94"
4,95,1,"undirected",2,52,"node 4 to 95"
4,105,1,"undirected",2,52,"node 4 to 105"
5,1,1,"undirected",2,52,"node 5 to 1"
5,2,1,"undirected",2,52,"node 5 to 2"
5,3,1,"undirected",2,52,"node 5 to 3"
5,4,1,"undirected",2,52,"node 5 to 4"
5,6,1,"undirected",2,52,"node 5 to 6"
5,7,1,"undirected",2,52,"node 5 to 7"
5,9,1,"undirected",2,52,"node 5 to 9"
5,10,1,"undirected",2,52,"node 5 to 10"
5,11,1,"undirected",2,52,"node 5 to 11"
5,12,1,"undirected",2,52,"node 5 to 12"
5,14,1,"undirected",2,52,"node 5 to 14"
5,16,1,"undirected",2,52,"node 5 to 16"
5,18,1,"undirected",2,52,"node 5 to 18"
5,19,1,"undirected",2,52,"node 5 to 19"
5,20,1,"undirected",2,52,"node 5 to 20"
5,22,1,"undirected",2,52,"node 5 to 22"
5,23,1,"undirected",2,52,"node 5 to 23"
5,25,1,"undirected",2,52,"node 5 to 25"
5,29,1,"undirected",2,52,"node 5 to 29"
5,30,1,"undirected",2,52,"node 5 to 30"
5,33,1,"undirected",2,52,"node 5 to 33"
5,37,1,"undirected",2,52,"node 5 to 37"
5,38,1,"undirected",2,52,"node 5 to 38"
5,50,1,"undirected",2,52,"node 5 to 50"
5,51,1,"undirected",2,52,"node 5 to 51"
5,55,1,"undirected",2,52,"node 5 to 55"
5,60,1,"undirected",2,52,"node 5 to 60"
5,67,1,"undirected",2,52,"node 5 to 67"
5,77,1,"undirected",2,52,"node 5 to 77"
5,88,1,"undirected",2,52,"node 5 to 88"
6,1,1,"undirected",3,52,"node 6 to 1"
6,2,1,"undirected",3,52,"node 6 to 2"
6,3,1,"undirected",3,52,"node 6 to 3"
6,5,1,"undirected",3,52,"node 6 to 5"
6,7,1,"undirected",3,52,"node 6 to 7"
6,8,1,"undirected",3,52,"node 6 to 8"
6,9,1,"undirected",3,52,"node 6 to 9"
6,12,1,"undirected",3,52,"node 6 to 12"
6,14,1,"undirected",3,52,"node 6 to 14"
6,15,1,"undirected",3,52,"node 6 to 15"
6,19,1,"undirected",3,52,"node 6 to 19"
6,21,1,"undirected",3,52,"node 6 to 21"
6,22,1,"undirected",3,52,"node 6 to 22"
6,24,1,"undirected",3,52,"node 6 to 24"
6,26,1,"undirected",3,52,"node 6 to 26"
6,32,1,"undirected",3,52,"node 6 to 32"
6,35,1,"undirected",3,52,"node 6 to 35"
6,39,1,"undirected",3,52,"node 6 to 39"
6,44,1,"undirected",3,52,"node 6 to 44"
6,57,1,"undirected",3,52,"node 6 to 57"
6,61,1,"undirected",3,52,"node 6 to 61"
6,70,1,"undirected",3,52,"node 6 to 70"
6,76,1,"undirected",3,52,"node 6 to 76"
6,77,1,"undirected",3,52,"node 6 to 77"
6,87,1,"undirected",3,52,"node 6 to 87"
7,1,1,"undirected",3,52,"node 7 to 1"
7,2,1,"undirected",3,52,"node 7 to 2"
7,5,1,"undirected",3,52,"node 7 to 5"
7,6,1,"undirected",3,52,"node 7 to 6"
7,19,1,"undirected",3,52,"node 7 to 19"
7,23,1,"undirected",3,52,"node 7 to 23"
7,27,1,"undirected",3,52,"node 7 to 27"
7,39,1,"undirected",3,52,"node 7 to 39"
7,49,1,"undirected",3,52,"node 7 to 49"
7,53,1,"undirected",3,52,"node 7 to 53"
7,57,1,"undirected",3,52,"node 7 to 57"
7,70,1,"undirected",3,52,"node 7 to 70"
7,90,1,"undirected",3,52,"node 7 to 90"
8,2,1,"undirected",4,52,"node 8 to 2"
8,4,1,"undirected",4,52,"node 8 to 4"
8,6,1,"undirected",4,52,"node 8 to 6"
8,13,1,"undirected",4,52,"node 8 to 13"
8,25,1,"undirected",4,52,"node 8 to 25"
8,27,1,"undirected",4,52,"node 8 to 27"
8,57,1,"undirected",4,52,"node 8 to 57"
8,77,1,"undirected",4,52,"node 8 to 77"
9,1,1,"undirected",4,52,"node 9 to 1"
9,2,1,"undirected",4,52,"node 9 to 2"
9,3,1,"undirected",4,52,"node 9 to 3"
9,5,1,"undirected",4,52,"node 9 to 5"
9,6,1,"undirected",4,52,"node 9 to 6"
9,10,1,"undirected",4,52,"node 9 to 10"
9,11,1,"undirected",4,52,"node 9 to 11"
9,15,1,"undirected",4,52,"node 9 to 15"
9,16,1,"undirected",4,52,"node 9 to 16"
9,17,1,"undirected",4,52,"node 9 to 17"
9,22,1,"undirected",4,52,"node 9 to 22"
9,28,1,"undirected",4,52,"node 9 to 28"
9,32,1,"undirected",4,52,"node 9 to 32"
9,33,1,"undirected",4,52,"node 9 to 33"
9,34,1,"undirected",4,52,"node 9 to 34"
9,36,1,"undirected",4,52,"node 9 to 36"
9,37,1,"undirected",4,52,"node 9 to 37"
9,42,1,"undirected",4,52,"node 9 to 42"
9,43,1,"undirected",4,52,"node 9 to 43"
9,47,1,"undirected",4,52,"node 9 to 47"
9,53,1,"undirected",4,52,"node 9 to 53"
9,55,1,"undirected",4,52,"node 9 to 55"
9,60,1,"undirected",4,52,"node 9 to 60"
9,63,1,"undirected",4,52,"node 9 to 63"
9,64,1,"undirected",4,52,"node 9 to 64"
9,65,1,"undirected",4,52,"node 9 to 65"
9,69,1,"undirected",4,52,"node 9 to 69"
9,70,1,"undirected",4,52,"node 9 to 70"
9,78,1,"undirected",4,52,"node 9 to 78"
10,1,1,"undirected",5,52,"node 10 to 1"
10,2,1,"undirected",5,52,"node 10 to 2"
10,5,1,"undirected",5,52,"node 10 to 5"
10,9,1,"undirected",5,52,"node 10 to 9"
10,11,1,"undirected",5,52,"node 10 to 11"
10,12,1,"undirected",5,52,"node 10 to 12"
10,13,1,"undirected",5,52,"node 10 to 13"
10,18,1,"undirected",5,52,"node 10 to 18"
10,21,1,"undirected",5,52,"node 10 to 21"
10,22,1,"undirected",5,52,"node 10 to 22"
10,24,1,"undirected",5,52,"node 10 to 24"
10,38,1,"undirected",5,52,"node 10 to 38"
10,43,1,"undirected",5,52,"node 10 to 43"
10,46,1,"undirected",5,52,"node 10 to 46"
10,47,1,"undirected",5,52,"node 10 to 47"
10,49,1,"undirected",5,52,"node 10 to 49"
10,56,1,"undirected",5,52,"node 10 to 56"
10,67,1,"undirected",5,52,"node 10 to 67"
10,68,1,"undirected",5,52,"node 10 to 68"
10,80,1,"undirected",5,52,"node 10 to 80"
10,82,1,"undirected",5,52,"node 10 to 82"
10,96,1,"undirected",5,52,"node 10 to 96"
10,104,1,"undirected",5,52,"node 10 to 104"
11,1,1,"undirected",5,52,"node 11 to 1"
11,2,1,"undirected",5,52,"node 11 to 2"
11,3,1,"undirected",5,52,"node 11 to 3"
11,5,1,"undirected",5,52,"node 11 to 5"
11,9,1,"undirected",5,52,"node 11 to 9"
11,10,1,"undirected",5,52,"node 11 to 10"
11,13,1,"undirected",5,52,"node 11 to 13"
11,14,1,"undirected",5,52,"node 11 to 14"
11,15,1,"undirected",5,52,"node 11 to 15"
11,17,1,"undirected",5,52,"node 11 to 17"
11,22,1,"undirected",5,52,"node 11 to 22"
11,40,1,"undirected",5,52,"node 11 to 40"
11,48,1,"undirected",5,52,"node 11 to 48"
11,51,1,"undirected",5,52,"node 11 to 51"
11,72,1,"undirected",5,52,"node 11 to 72"
11,81,1,"undirected",5,52,"node 11 to 81"
11,94,1,"undirected",5,52,"node 11 to 94"
11,99,1,"undirected",5,52,"node 11 to 99"
12,2,1,"undirected",6,52,"node 12 to 2"
12,4,1,"undirected",6,52,"node 12 to 4"
12,5,1,"undirected",6,52,"node 12 to 5"
12,6,1,"undirected",6,52,"node 12 to 6"
12,10,1,"undirected",6,52,"node 12 to 10"
12,19,1,"undirected",6,52,"node 12 to 19"
12,28,1,"undirected",6,52,"node 12 to 28"
12,37,1,"undirected",6,52,"node 12 to 37"
12,46,1,"undirected",6,52,"node 12 to 46"
12,54,1,"undirected",6,52,"node 12 to 54"
13,2,1,"undirected",6,52,"node 13 to 2"
13,4,1,"undirected",6,52,"node 13 to 4"
13,8,1,"undirected",6,52,"node 13 to 8"
13,10,1,"undirected",6,52,"node 13 to 10"
13,11,1,"undirected",6,52,"node 13 to 11"
13,17,1,"undirected",6,52,"node 13 to 17"
13,22,1,"undirected",6,52,"node 13 to 22"
13,23,1,"undirected",6,52,"node 13 to 23"
13,32,1,"undirected",6,52,"node 13 to 32"
13,43,1,"undirected",6,52,"node 13 to 43"
13,53,1,"undirected",6,52,"node 13 to 53"
13,63,1,"undirected",6,52,"node 13 to 63"
13,90,1,"undirected",6,52,"node 13 to 90"
14,3,1,"undirected",7,52,"node 14 to 3"
14,5,1,"undirected",7,52,"node 14 to 5"
14,6,1,"undirected",7,52,"node 14 to 6"
14,11,1,"undirected",7,52,"node 14 to 11"
14,29,1,"undirected",7,52,"node 14 to 29"
14,41,1,"undirected",7,52,"node 14 to 41"
14,46,1,"undirected",7,52,"node 14 to 46"
14,78,1,"undirected",7,52,"node 14 to 78"
15,2,1,"undirected",7,52,"node 15 to 2"
15,3,1,"undirected",7,52,"node 15 to 3"
15,6,1,"undirected",7,52,"node 15 to 6"
15,9,1,"undirected",7,52,"node 15 to 9"
15,11,1,"undirected",7,52,"node 15 to 11"
15,17,1,"undirected",7,52,"node 15 to 17"
15,20,1,"undirected",7,52,"node 15 to 20"
15,21,1,"undirected",7,52,"node 15 to 21"
15,31,1,"undirected",7,52,"node 15 to 31"
15,37,1,"undirected",7,52,"node 15 to 37"
15,39,1,"undirected",7,52,"node 15 to 39"
15,46,1,"undirected",7,52,"node 15 to 46"
15,50,1,"undirected",7,52,"node 15 to 50"
15,56,1,"undirected",7,52,"node 15 to 56"
15,62,1,"undirected",7,52,"node 15 to 62"
15,75,1,"undirected",7,52,"node 15 to 75"
15,85,1,"undirected",7,52,"node 15 to 85"
16,2,1,"undirected",8,52,"node 16 to 2"
16,3,1,"undirected",8,52,"node 16 to 3"
16,4,1,"undirected",8,52,"node 16 to 4"
16,5,1,"undirected",8,52,"node 16 to 5"
16,9,1,"undirected",8,52,"node 16 to 9"
16,28,1,"undirected",8,52,"node 16 to 28"
16,39,1,"undirected",8,52,"node 16 to 39"
16,89,1,"undirected",8,52,"node 16 to 89"
16,97,1,"undirected",8,52,"node 16 to 97"
17,1,1,"undirected",8,52,"node 17 to 1"
17,2,1,"undirected",8,52,"node 17 to 2"
17,3,1,"undirected",8,52,"node 17 to 3"
17,9,1,"undirected",8,52,"node 17 to 9"
17,11,1,"undirected",8,52,"node 17 to 11"
17,13,1,"undirected",8,52,"node 17 to 13"
17,15,1,"undirected",8,52,"node 17 to 15"
17,18,1,"undirected",8,52,"node 17 to 18"
17,32,1,"undirected",8,52,"node 17 to 32"
17,48,1,"undirected",8,52,"node 17 to 48"
17,58,1,"undirected",8,52,"node 17 to 58"
17,59,1,"undirected",8,52,"node 17 to 59"
17,72,1,"undirected",8,52,"node 17 to 72"
17,77,1,"undirected",8,52,"node 17 to 77"
17,97,1,"undirected",8,52,"node 17 to 97"
18,2,1,"undirected",9,52,"node 18 to 2"
18,4,1,"undirected",9,52,"node 18 to 4"
18,5,1,"undirected",9,52,"node 18 to 5"
18,10,1,"undirected",9,52,"node 18 to 10"
18,17,1,"undirected",9,52,"node 18 to 17"
18,20,1,"undirected",9,52,"node 18 to 20"
18,26,1,"undirected",9,52,"node 18 to 26"
18,27,1,"undirected",9,52,"node 18 to 27"
18,32,1,"undirected",9,52,"node 18 to 32"
18,36,1,"undirected",9,52,"node 18 to 36"
18,46,1,"undirected",9,52,"node 18 to 46"
18,52,1,"undirected",9,52,"node 18 to 52"
18,56,1,"undirected",9,52,"node 18 to 56"
18,72,1,"undirected",9,52,"node 18 to 72"
18,76,1,"undirected",9,52,"node 18 to 76"
18,98,1,"undirected",9,52,"node 18 to 98"
19,2,1,"undirected",9,52,"node 19 to 2"
19,3,1,"undirected",9,52,"node 19 to 3"
19,5,1,"undirected",9,52,"node 19 to 5"
19,6,1,"undirected",9,52,"node 19 to 6"
19,7,1,"undirected",9,52,"node 19 to 7"
19,12,1,"undirected",9,52,"node 19 to 12"
19,23,1,"undirected",9,52,"node 19 to 23"
19,31,1,"undirected",9,52,"node 19 to 31"
19,46,1,"undirected",9,52,"node 19 to 46"
19,49,1,"undirected",9,52,"node 19 to 49"
19,52,1,"undirected",9,52,"node 19 to 52"
19,54,1,"undirected",9,52,"node 19 to 54"
19,67,1,"undirected",9,52,"node 19 to 67"
19,71,1,"undirected",9,52,"node 19 to 71"
19,73,1,"undirected",9,52,"node 19 to 73"
19,94,1,"undirected",9,52,"node 19 to 94"
20,2,1,"undirected",10,52,"node 20 to 2"
20,3,1,"undirected",10,52,"node 20 to 3"
20,5,1,"undirected",10,52,"node 20 to 5"
20,15,1,"undirected",10,52,"node 20 to 15"
20,18,1,"undirected",10,52,"node 20 to 18"
20,22,1,"undirected",10,52,"node 20 to 22"
20,23,1,"undirected",10,52,"node 20 to 23"
20,36,1,"undirected",10,52,"node 20 to 36"
20,37,1,"undirected",10,52,"node 20 to 37"
20,71,1,"undirected",10,52,"node 20 to 71"
20,73,1,"undirected",10,52,"node 20 to 73"
20,74,1,"undirected",10,52,"node 20 to 74"
20,83,1,"undirected",10,52,"node 20 to 83"
20,88,1,"undirected",10,52,"node 20 to 88"
21,2,1,"undirected",10,52,"node 21 to 2"
21,4,1,"undirected",10,52,"node 21 to 4"
21,6,1,"undirected",10,52,"node 21 to 6"
21,10,1,"undirected",10,52,"node 21 to 10"
21,15,1,"undirected",10,52,"node 21 to 15"
22,2,1,"undirected",11,52,"node 22 to 2"
22,5,1,"undirected",11,52,"node 22 to 5"
22,6,1,"undirected",11,52,"node 22 to 6"
22,9,1,"undirected",11,52,"node 22 to 9"
22,10,1,"undirected",11,52,"node 22 to 10"
22,11,1,"undirected",11,52,"node 22 to 11"
22,13,1,"undirected",11,52,"node 22 to 13"
22,20,1,"undirected",11,52,"node 22 to 20"
22,23,1,"undirected",11,52,"node 22 to 23"
22,51,1,"undirected",11,52,"node 22 to 51"
22,56,1,"undirected",11,52,"node 22 to 56"
22,75,1,"undirected",11,52,"node 22 to 75"
23,2,1,"undirected",11,52,"node 23 to 2"
23,5,1,"undirected",11,52,"node 23 to 5"
23,7,1,"undirected",11,52,"node 23 to 7"
23,13,1,"undirected",11,52,"node 23 to 13"
23,19,1,"undirected",11,52,"node 23 to 19"
23,20,1,"undirected",11,52,"node 23 to 20"
23,22,1,"undirected",11,52,"node 23 to 22"
23,46,1,"undirected",11,52,"node 23 to 46"
23,53,1,"undirected",11,52,"node 23 to 53"
23,62,1,"undirected",11,52,"node 23 to 62"
23,71,1,"undirected",11,52,"node 23 to 71"
23,77,1,"undirected",11,52,"node 23 to 77"
23,82,1,"undirected",11,52,"node 23 to 82"
23,83,1,"undirected",11,52,"node 23 to 83"
23,100,1,"undirected",11,52,"node 23 to 100"
24,2,1,"undirected",12,52,"node 24 to 2"
24,6,1,"undirected",12,52,"node 24 to 6"
24,10,1,"undirected",12,52,"node 24 to 10"
24,29,1,"undirected",12,52,"node 24 to 29"
24,31,1,"undirected",12,52,"node 24 to 31"
25,2,1,"undirected",12,52,"node 25 to 2"
25,4,1,"undirected",12,52,"node 25 to 4"
25,5,1,"undirected",12,52,"node 25 to 5"
25,8,1,"undirected",12,52,"node 25 to 8"
25,28,1,"undirected",12,52,"node 25 to 28"
25,53,1,"undirected",12,52,"node 25 to 53"
25,101,1,"undirected",12,52,"node 25 to 101"
26,2,1,"undirected",13,52,"node 26 to 2"
26,3,1,"undirected",13,52,"node 26 to 3"
26,6,1,"undirected",13,52,"node 26 to 6"
26,18,1,"undirected",13,52,"node 26 to 18"
26,41,1,"undirected",13,52,"node 26 to 41"
26,42,1,"undirected",13,52,"node 26 to 42"
26,44,1,"undirected",13,52,"node 26 to 44"
26,47,1,"undirected",13,52,"node 26 to 47"
26,48,1,"undirected",13,52,"node 26 to 48"
26,58,1,"undirected",13,52,"node 26 to 58"
26,89,1,"undirected",13,52,"node 26 to 89"
26,102,1,"undirected",13,52,"node 26 to 102"
27,4,1,"undirected",13,52,"node 27 to 4"
27,7,1,"undirected",13,52,"node 27 to 7"
27,8,1,"undirected",13,52,"node 27 to 8"
27,18,1,"undirected",13,52,"node 27 to 18"
27,93,1,"undirected",13,52,"node 27 to 93"
28,2,1,"undirected",14,52,"node 28 to 2"
28,9,1,"undirected",14,52,"node 28 to 9"
28,12,1,"undirected",14,52,"node 28 to 12"
28,16,1,"undirected",14,52,"node 28 to 16"
28,25,1,"undirected",14,52,"node 28 to 25"
28,33,1,"undirected",14,52,"node 28 to 33"
28,38,1,"undirected",14,52,"node 28 to 38"
28,42,1,"undirected",14,52,"node 28 to 42"
28,45,1,"undirected",14,52,"node 28 to 45"
28,51,1,"undirected",14,52,"node 28 to 51"
28,60,1,"undirected",14,52,"node 28 to 60"
28,67,1,"undirected",14,52,"node 28 to 67"
28,72,1,"undirected",14,52,"node 28 to 72"
28,78,1,"undirected",14,52,"node 28 to 78"
28,80,1,"undirected",14,52,"node 28 to 80"
28,92,1,"undirected",14,52,"node 28 to 92"
29,2,1,"undirected",14,52,"node 29 to 2"
29,4,1,"undirected",14,52,"node 29 to 4"
29,5,1,"undirected",14,52,"node 29 to 5"
29,14,1,"undirected",14,52,"node 29 to 14"
29,24,1,"undirected",14,52,"node 29 to 24"
29,35,1,"undirected",14,52,"node 29 to 35"
29,36,1,"undirected",14,52,"node 29 to 36"
29,43,1,"undirected",14,52,"node 29 to 43"
29,47,1,"undirected",14,52,"node 29 to 47"
29,48,1,"undirected",14,52,"node 29 to 48"
29,50,1,"undirected",14,52,"node 29 to 50"
29,63,1,"undirected",14,52,"node 29 to 63"
29,67,1,"undirected",14,52,"node 29 to 67"
29,90,1,"undirected",14,52,"node 29 to 90"
29,96,1,"undirected",14,52,"node 29 to 96"
30,2,1,"undirected",15,52,"node 30 to 2"
30,4,1,"undirected",15,52,"node 30 to 4"
30,5,1,"undirected",15,52,"node 30 to 5"
30,31,1,"undirected",15,52,"node 30 to 31"
30,53,1,"undirected",15,52,"node 30 to 53"
30,68,1,"undirected",15,52,"node 30 to 68"
31,2,1,"undirected",15,52,"node 31 to 2"
31,4,1,"undirected",15,52,"node 31 to 4"
31,15,1,"undirected",15,52,"node 31 to 15"
31,19,1,"undirected",15,52,"node 31 to 19"
31,24,1,"undirected",15,52,"node 31 to 24"
31,30,1,"undirected",15,52,"node 31 to 30"
31,32,1,"undirected",15,52,"node 31 to 32"
31,45,1,"undirected",15,52,"node 31 to 45"
31,55,1,"undirected",15,52,"node 31 to 55"
31,60,1,"undirected",15,52,"node 31 to 60"
31,62,1,"undirected",15,52,"node 31 to 62"
31,93,1,"undirected",15,52,"node 31 to 93"
32,1,1,"undirected",16,52,"node 32 to 1"
32,2,1,"undirected",16,52,"node 32 to 2"
32,3,1,"undirected",16,52,"node 32 to 3"
32,6,1,"undirected",16,52,"node 32 to 6"
32,9,1,"undirected",16,52,"node 32 to 9"
32,13,1,"undirected",16,52,"node 32 to 13"
32,17,1,"undirected",16,52,"node 32 to 17"
32,18,1,"undirected",16,52,"node 32 to 18"
32,31,1,"undirected",16,52,"node 32 to 31"
32,33,1,"undirected",16,52,"node 32 to 33"
32,35,1,"undirected",16,52,"node 32 to 35"
32,46,1,"undirected",16,52,"node 32 to 46"
32,49,1,"undirected",16,52,"node 32 to 49"
32,50,1,"undirected",16,52,"node 32 to 50"
32,52,1,"undirected",16,52,"node 32 to 52"
32,53,1,"undirected",16,52,"node 32 to 53"
32,58,1,"undirected",16,52,"node 32 to 58"
32,72,1,"undirected",16,52,"node 32 to 72"
32,80,1,"undirected",16,52,"node 32 to 80"
32,88,1,"undirected",16,52,"node 32 to 88"
33,2,1,"undirected",16,52,"node 33 to 2"
33,4,1,"undirected",16,52,"node 33 to 4"
33,5,1,"undirected",16,52,"node 33 to 5"
33,9,1,"undirected",16,52,"node 33 to 9"
33,28,1,"undirected",16,52,"node 33 to 28"
33,32,1,"undirected",16,52,"node 33 to 32"
33,38,1,"undirected",16,52,"node 33 to 38"
33,44,1,"undirected",16,52,"node 33 to 44"
33,49,1,"undirected",16,52,"node 33 to 49"
33,56,1,"undirected",16,52,"node 33 to 56"
33,105,1,"undirected",16,52,"node 33 to 105"
34,2,1,"undirected",17,52,"node 34 to 2"
34,9,1,"undirected",17,52,"node 34 to 9"
35,2,1,"undirected",17,52,"node 35 to 2"
35,4,1,"undirected",17,52,"node 35 to 4"
35,6,1,"undirected",17,52,"node 35 to 6"
35,29,1,"undirected",17,52,"node 35 to 29"
35,32,1,"undirected",17,52,"node 35 to 32"
35,65,1,"undirected",17,52,"node 35 to 65"
36,9,1,"undirected",18,52,"node 36 to 9"
36,18,1,"undirected",18,52,"node 36 to 18"
36,20,1,"undirected",18,52,"node 36 to 20"
36,29,1,"undirected",18,52,"node 36 to 29"
36,38,1,"undirected",18,52,"node 36 to 38"
37,1,1,"undirected",18,52,"node 37 to 1"
37,5,1,"undirected",18,52,"node 37 to 5"
37,9,1,"undirected",18,52,"node 37 to 9"
37,12,1,"undirected",18,52,"node 37 to 12"
37,15,1,"undirected",18,52,"node 37 to 15"
37,20,1,"undirected",18,52,"node 37 to 20"
37,57,1,"undirected",18,52,"node 37 to 57"
38,2,1,"undirected",19,52,"node 38 to 2"
38,3,1,"undirected",19,52,"node 38 to 3"
38,5,1,"undirected",19,52,"node 38 to 5"
38,10,1,"undirected",19,52,"node 38 to 10"
38,28,1,"undirected",19,52,"node 38 to 28"
38,33,1,"undirected",19,52,"node 38 to 33"
38,36,1,"undirected",19,52,"node 38 to 36"
38,48,1,"undirected",19,52,"node 38 to 48"
38,57,1,"undirected",19,52,"node 38 to 57"
38,61,1,"undirected",19,52,"node 38 to 61"
38,67,1,"undirected",19,52,"node 38 to 67"
39,6,1,"undirected",19,52,"node 39 to 6"
39,7,1,"undirected",19,52,"node 39 to 7"
39,15,1,"undirected",19,52,"node 39 to 15"
39,16,1,"undirected",19,52,"node 39 to 16"
40,2,1,"undirected",20,52,"node 40 to 2"
40,4,1,"undirected",20,52,"node 40 to 4"
40,11,1,"undirected",20,52,"node 40 to 11"
40,45,1,"undirected",20,52,"node 40 to 45"
40,103,1,"undirected",20,52,"node 40 to 103"
41,2,1,"undirected",20,52,"node 41 to 2"
41,3,1,"undirected",20,52,"node 41 to 3"
41,14,1,"undirected",20,52,"node 41 to 14"
41,26,1,"undirected",20,52,"node 41 to 26"
42,2,1,"undirected",21,52,"node 42 to 2"
42,3,1,"undirected",21,52,"node 42 to 3"
42,9,1,"undirected",21,52,"node 42 to 9"
42,26,1,"undirected",21,52,"node 42 to 26"
42,28,1,"undirected",21,52,"node 42 to 28"
42,52,1,"undirected",21,52,"node 42 to 52"
43,2,1,"undirected",21,52,"node 43 to 2"
43,4,1,"undirected",21,52,"node 43 to 4"
43,9,1,"undirected",21,52,"node 43 to 9"
43,10,1,"undirected",21,52,"node 43 to 10"
43,13,1,"undirected",21,52,"node 43 to 13"
43,29,1,"undirected",21,52,"node 43 to 29"
43,50,1,"undirected",21,52,"node 43 to 50"
43,73,1,"undirected",21,52,"node 43 to 73"
44,2,1,"undirected",22,52,"node 44 to 2"
44,6,1,"undirected",22,52,"node 44 to 6"
44,26,1,"undirected",22,52,"node 44 to 26"
44,33,1,"undirected",22,52,"node 44 to 33"
45,2,1,"undirected",22,52,"node 45 to 2"
45,3,1,"undirected",22,52,"node 45 to 3"
45,28,1,"undirected",22,52,"node 45 to 28"
45,31,1,"undirected",22,52,"node 45 to 31"
45,40,1,"undirected",22,52,"node 45 to 40"
45,52,1,"undirected",22,52,"node 45 to 52"
45,62,1,"undirected",22,52,"node 45 to 62"
45,67,1,"undirected",22,52,"node 45 to 67"
46,2,1,"undirected",23,52,"node 46 to 2"
46,10,1,"undirected",23,52,"node 46 to 10"
46,12,1,"undirected",23,52,"node 46 to 12"
46,14,1,"undirected",23,52,"node 46 to 14"
46,15,1,"undirected",23,52,"node 46 to 15"
46,18,1,"undirected",23,52,"node 46 to 18"
46,19,1,"undirected",23,52,"node 46 to 19"
46,23,1,"undirected",23,52,"node 46 to 23"
46,32,1,"undirected",23,52,"node 46 to 32"
46,49,1,"undirected",23,52,"node 46 to 49"
46,64,1,"undirected",23,52,"node 46 to 64"
46,92,1,"undirected",23,52,"node 46 to 92"
47,2,1,"undirected",23,52,"node 47 to 2"
47,3,1,"undirected",23,52,"node 47 to 3"
47,4,1,"undirected",23,52,"node 47 to 4"
47,9,1,"undirected",23,52,"node 47 to 9"
47,10,1,"undirected",23,52,"node 47 to 10"
47,26,1,"undirected",23,52,"node 47 to 26"
47,29,1,"undirected",23,52,"node 47 to 29"
47,48,1,"undirected",23,52,"node 47 to 48"
47,53,1,"undirected",23,52,"node 47 to 53"
47,61,1,"undirected",23,52,"node 47 to 61"
47,66,1,"undirected",23,52,"node 47 to 66"
47,79,1,"undirected",23,52,"node 47 to 79"
47,86,1,"undirected",23,52,"node 47 to 86"
47,102,1,"undirected",23,52,"node 47 to 102"
48,2,1,"undirected",24,52,"node 48 to 2"
48,11,1,"undirected",24,52,"node 48 to 11"
48,17,1,"undirected",24,52,"node 48 to 17"
48,26,1,"undirected",24,52,"node 48 to 26"
48,29,1,"undirected",24,52,"node 48 to 29"
48,38,1,"undirected",24,52,"node 48 to 38"
48,47,1,"undirected",24,52,"node 48 to 47"
48,54,1,"undirected",24,52,"node 48 to 54"
48,60,1,"undirected",24,52,"node 48 to 60"
48,77,1,"undirected",24,52,"node 48 to 77"
48,84,1,"undirected",24,52,"node 48 to 84"
49,2,1,"undirected",24,52,"node 49 to 2"
49,7,1,"undirected",24,52,"node 49 to 7"
49,10,1,"undirected",24,52,"node 49 to 10"
49,19,1,"undirected",24,52,"node 49 to 19"
49,32,1,"undirected",24,52,"node 49 to 32"
49,33,1,"undirected",24,52,"node 49 to 33"
49,46,1,"undirected",24,52,"node 49 to 46"
49,50,1,"undirected",24,52,"node 49 to 50"
49,62,1,"undirected",24,52,"node 49 to 62"
49,65,1,"undirected",24,52,"node 49 to 65"
49,80,1,"undirected",24,52,"node 49 to 80"
49,91,1,"undirected",24,52,"node 49 to 91"
49,93,1,"undirected",24,52,"node 49 to 93"
50,1,1,"undirected",25,52,"node 50 to 1"
50,5,1,"undirected",25,52,"node 50 to 5"
50,15,1,"undirected",25,52,"node 50 to 15"
50,29,1,"undirected",25,52,"node 50 to 29"
50,32,1,"undirected",25,52,"node 50 to 32"
50,43,1,"undirected",25,52,"node 50 to 43"
50,49,1,"undirected",25,52,"node 50 to 49"
50,62,1,"undirected",25,52,"node 50 to 62"
50,73,1,"undirected",25,52,"node 50 to 73"
50,80,1,"undirected",25,52,"node 50 to 80"
51,4,1,"undirected",25,52,"node 51 to 4"
51,5,1,"undirected",25,52,"node 51 to 5"
51,11,1,"undirected",25,52,"node 51 to 11"
51,22,1,"undirected",25,52,"node 51 to 22"
51,28,1,"undirected",25,52,"node 51 to 28"
51,73,1,"undirected",25,52,"node 51 to 73"
52,2,1,"undirected",26,52,"node 52 to 2"
52,4,1,"undirected",26,52,"node 52 to 4"
52,18,1,"undirected",26,52,"node 52 to 18"
52,19,1,"undirected",26,52,"node 52 to 19"
52,32,1,"undirected",26,52,"node 52 to 32"
52,42,1,"undirected",26,52,"node 52 to 42"
52,45,1,"undirected",26,52,"node 52 to 45"
52,86,1,"undirected",26,52,"node 52 to 86"
52,99,1,"undirected",26,52,"node 52 to 99"
53,2,1,"undirected",26,52,"node 53 to 2"
53,4,1,"undirected",26,52,"node 53 to 4"
53,7,1,"undirected",26,52,"node 53 to 7"
53,9,1,"undirected",26,52,"node 53 to 9"
53,13,1,"undirected",26,52,"node 53 to 13"
53,23,1,"undirected",26,52,"node 53 to 23"
53,25,1,"undirected",26,52,"node 53 to 25"
53,30,1,"undirected",26,52,"node 53 to 30"
53,32,1,"undirected",26,52,"node 53 to 32"
53,47,1,"undirected",26,52,"node 53 to 47"
53,55,1,"undirected",26,52,"node 53 to 55"
53,73,1,"undirected",26,52,"node 53 to 73"
53,81,1,"undirected",26,52,"node 53 to 81"
54,12,1,"undirected",27,52,"node 54 to 12"
54,19,1,"undirected",27,52,"node 54 to 19"
54,48,1,"undirected",27,52,"node 54 to 48"
54,67,1,"undirected",27,52,"node 54 to 67"
55,5,1,"undirected",27,52,"node 55 to 5"
55,9,1,"undirected",27,52,"node 55 to 9"
55,31,1,"undirected",27,52,"node 55 to 31"
55,53,1,"undirected",27,52,"node 55 to 53"
55,62,1,"undirected",27,52,"node 55 to 62"
55,67,1,"undirected",27,52,"node 55 to 67"
56,2,1,"undirected",28,52,"node 56 to 2"
56,4,1,"undirected",28,52,"node 56 to 4"
56,10,1,"undirected",28,52,"node 56 to 10"
56,15,1,"undirected",28,52,"node 56 to 15"
56,18,1,"undirected",28,52,"node 56 to 18"
56,22,1,"undirected",28,52,"node 56 to 22"
56,33,1,"undirected",28,52,"node 56 to 33"
56,74,1,"undirected",28,52,"node 56 to 74"
57,2,1,"undirected",28,52,"node 57 to 2"
57,3,1,"undirected",28,52,"node 57 to 3"
57,6,1,"undirected",28,52,"node 57 to 6"
57,7,1,"undirected",28,52,"node 57 to 7"
57,8,1,"undirected",28,52,"node 57 to 8"
57,37,1,"undirected",28,52,"node 57 to 37"
57,38,1,"undirected",28,52,"node 57 to 38"
58,17,1,"undirected",29,52,"node 58 to 17"
58,26,1,"undirected",29,52,"node 58 to 26"
58,32,1,"undirected",29,52,"node 58 to 32"
58,62,1,"undirected",29,52,"node 58 to 62"
59,3,1,"undirected",29,52,"node 59 to 3"
59,17,1,"undirected",29,52,"node 59 to 17"
60,5,1,"undirected",30,52,"node 60 to 5"
60,9,1,"undirected",30,52,"node 60 to 9"
60,28,1,"undirected",30,52,"node 60 to 28"
60,31,1,"undirected",30,52,"node 60 to 31"
60,48,1,"undirected",30,52,"node 60 to 48"
61,6,1,"undirected",30,52,"node 61 to 6"
61,38,1,"undirected",30,52,"node 61 to 38"
61,47,1,"undirected",30,52,"node 61 to 47"
62,2,1,"undirected",31,52,"node 62 to 2"
62,15,1,"undirected",31,52,"node 62 to 15"
62,23,1,"undirected",31,52,"node 62 to 23"
62,31,1,"undirected",31,52,"node 62 to 31"
62,45,1,"undirected",31,52,"node 62 to 45"
62,49,1,"undirected",31,52,"node 62 to 49"
62,50,1,"undirected",31,52,"node 62 to 50"
62,55,1,"undirected",31,52,"node 62 to 55"
62,58,1,"undirected",31,52,"node 62 to 58"
62,90,1,"undirected",31,52,"node 62 to 90"
62,99,1,"undirected",31,52,"node 62 to 99"
62,101,1,"undirected",31,52,"node 62 to 101"
62,102,1,"undirected",31,52,"node 62 to 102"
63,2,1,"undirected",31,52,"node 63 to 2"
63,4,1,"undirected",31,52,"node 63 to 4"
63,9,1,"undirected",31,52,"node 63 to 9"
63,13,1,"undirected",31,52,"node 63 to 13"
63,29,1,"undirected",31,52,"node 63 to 29"
64,3,1,"undirected",32,52,"node 64 to 3"
64,4,1,"undirected",32,52,"node 64 to 4"
64,9,1,"undirected",32,52,"node 64 to 9"
64,46,1,"undirected",32,52,"node 64 to 46"
64,73,1,"undirected",32,52,"node 64 to 73"
65,2,1,"undirected",32,52,"node 65 to 2"
65,9,1,"undirected",32,52,"node 65 to 9"
65,35,1,"undirected",32,52,"node 65 to 35"
65,49,1,"undirected",32,52,"node 65 to 49"
65,88,1,"undirected",32,52,"node 65 to 88"
66,2,1,"undirected",33,52,"node 66 to 2"
66,47,1,"undirected",33,52,"node 66 to 47"
67,2,1,"undirected",33,52,"node 67 to 2"
67,5,1,"undirected",33,52,"node 67 to 5"
67,10,1,"undirected",33,52,"node 67 to 10"
67,19,1,"undirected",33,52,"node 67 to 19"
67,28,1,"undirected",33,52,"node 67 to 28"
67,29,1,"undirected",33,52,"node 67 to 29"
67,38,1,"undirected",33,52,"node 67 to 38"
67,45,1,"undirected",33,52,"node 67 to 45"
67,54,1,"undirected",33,52,"node 67 to 54"
67,55,1,"undirected",33,52,"node 67 to 55"
68,10,1,"undirected",34,52,"node 68 to 10"
68,30,1,"undirected",34,52,"node 68 to 30"
69,2,1,"undirected",34,52,"node 69 to 2"
69,9,1,"undirected",34,52,"node 69 to 9"
70,1,1,"undirected",35,52,"node 70 to 1"
70,6,1,"undirected",35,52,"node 70 to 6"
70,7,1,"undirected",35,52,"node 70 to 7"
70,9,1,"undirected",35,52,"node 70 to 9"
71,2,1,"undirected",35,52,"node 71 to 2"
71,19,1,"undirected",35,52,"node 71 to 19"
71,20,1,"undirected",35,52,"node 71 to 20"
71,23,1,"undirected",35,52,"node 71 to 23"
72,1,1,"undirected",36,52,"node 72 to 1"
72,2,1,"undirected",36,52,"node 72 to 2"
72,11,1,"undirected",36,52,"node 72 to 11"
72,17,1,"undirected",36,52,"node 72 to 17"
72,18,1,"undirected",36,52,"node 72 to 18"
72,28,1,"undirected",36,52,"node 72 to 28"
72,32,1,"undirected",36,52,"node 72 to 32"
72,85,1,"undirected",36,52,"node 72 to 85"
72,91,1,"undirected",36,52,"node 72 to 91"
72,95,1,"undirected",36,52,"node 72 to 95"
73,2,1,"undirected",36,52,"node 73 to 2"
73,3,1,"undirected",36,52,"node 73 to 3"
73,19,1,"undirected",36,52,"node 73 to 19"
73,20,1,"undirected",36,52,"node 73 to 20"
73,43,1,"undirected",36,52,"node 73 to 43"
73,50,1,"undirected",36,52,"node 73 to 50"
73,51,1,"undirected",36,52,"node 73 to 51"
73,53,1,"undirected",36,52,"node 73 to 53"
73,64,1,"undirected",36,52,"node 73 to 64"
73,99,1,"undirected",36,52,"node 73 to 99"
73,104,1,"undirected",36,52,"node 73 to 104"
74,20,1,"undirected",37,52,"node 74 to 20"
74,56,1,"undirected",37,52,"node 74 to 56"
75,4,1,"undirected",37,52,"node 75 to 4"
75,15,1,"undirected",37,52,"node 75 to 15"
75,22,1,"undirected",37,52,"node 75 to 22"
76,6,1,"undirected",38,52,"node 76 to 6"
76,18,1,"undirected",38,52,"node 76 to 18"
77,2,1,"undirected",38,52,"node 77 to 2"
77,5,1,"undirected",38,52,"node 77 to 5"
77,6,1,"undirected",38,52,"node 77 to 6"
77,8,1,"undirected",38,52,"node 77 to 8"
77,17,1,"undirected",38,52,"node 77 to 17"
77,23,1,"undirected",38,52,"node 77 to 23"
77,48,1,"undirected",38,52,"node 77 to 48"
77,98,1,"undirected",38,52,"node 77 to 98"
78,3,1,"undirected",39,52,"node 78 to 3"
78,9,1,"undirected",39,52,"node 78 to 9"
78,14,1,"undirected",39,52,"node 78 to 14"
78,28,1,"undirected",39,52,"node 78 to 28"
79,2,1,"undirected",39,52,"node 79 to 2"
79,47,1,"undirected",39,52,"node 79 to 47"
80,2,1,"undirected",40,52,"node 80 to 2"
80,4,1,"undirected",40,52,"node 80 to 4"
80,10,1,"undirected",40,52,"node 80 to 10"
80,28,1,"undirected",40,52,"node 80 to 28"
80,32,1,"undirected",40,52,"node 80 to 32"
80,49,1,"undirected",40,52,"node 80 to 49"
80,50,1,"undirected",40,52,"node 80 to 50"
80,103,1,"undirected",40,52,"node 80 to 103"
81,11,1,"undirected",40,52,"node 81 to 11"
81,53,1,"undirected",40,52,"node 81 to 53"
82,2,1,"undirected",41,52,"node 82 to 2"
82,10,1,"undirected",41,52,"node 82 to 10"
82,23,1,"undirected",41,52,"node 82 to 23"
82,94,1,"undirected",41,52,"node 82 to 94"
83,20,1,"undirected",41,52,"node 83 to 20"
83,23,1,"undirected",41,52,"node 83 to 23"
84,4,1,"undirected",42,52,"node 84 to 4"
84,48,1,"undirected",42,52,"node 84 to 48"
85,15,1,"undirected",42,52,"node 85 to 15"
85,72,1,"undirected",42,52,"node 85 to 72"
86,47,1,"undirected",43,52,"node 86 to 47"
86,52,1,"undirected",43,52,"node 86 to 52"
87,2,1,"undirected",43,52,"node 87 to 2"
87,6,1,"undirected",43,52,"node 87 to 6"
88,5,1,"undirected",44,52,"node 88 to 5"
88,20,1,"undirected",44,52,"node 88 to 20"
88,32,1,"undirected",44,52,"node 88 to 32"
88,65,1,"undirected",44,52,"node 88 to 65"
89,16,1,"undirected",44,52,"node 89 to 16"
89,26,1,"undirected",44,52,"node 89 to 26"
90,7,1,"undirected",45,52,"node 90 to 7"
90,13,1,"undirected",45,52,"node 90 to 13"
90,29,1,"undirected",45,52,"node 90 to 29"
90,62,1,"undirected",45,52,"node 90 to 62"
91,49,1,"undirected",45,52,"node 91 to 49"
91,72,1,"undirected",45,52,"node 91 to 72"
92,28,1,"undirected",46,52,"node 92 to 28"
92,46,1,"undirected",46,52,"node 92 to 46"
93,27,1,"undirected",46,52,"node 93 to 27"
93,31,1,"undirected",46,52,"node 93 to 31"
93,49,1,"undirected",46,52,"node 93 to 49"
93,95,1,"undirected",46,52,"node 93 to 95"
94,3,1,"undirected",47,52,"node 94 to 3"
94,4,1,"undirected",47,52,"node 94 to 4"
94,11,1,"undirected",47,52,"node 94 to 11"
94,19,1,"undirected",47,52,"node 94 to 19"
94,82,1,"undirected",47,52,"node 94 to 82"
95,4,1,"undirected",47,52,"node 95 to 4"
95,72,1,"undirected",47,52,"node 95 to 72"
95,93,1,"undirected",47,52,"node 95 to 93"
96,10,1,"undirected",48,52,"node 96 to 10"
96,29,1,"undirected",48,52,"node 96 to 29"
97,16,1,"undirected",48,52,"node 97 to 16"
97,17,1,"undirected",48,52,"node 97 to 17"
98,18,1,"undirected",49,52,"node 98 to 18"
98,77,1,"undirected",49,52,"node 98 to 77"
99,11,1,"undirected",49,52,"node 99 to 11"
99,52,1,"undirected",49,52,"node 99 to 52"
99,62,1,"undirected",49,52,"node 99 to 62"
99,73,1,"undirected",49,52,"node 99 to 73"
100,3,1,"undirected",50,52,"node 100 to 3"
100,23,1,"undirected",50,52,"node 100 to 23"
101,25,1,"undirected",50,52,"node 101 to 25"
101,62,1,"undirected",50,52,"node 101 to 62"
102,26,1,"undirected",51,52,"node 102 to 26"
102,47,1,"undirected",51,52,"node 102 to 47"
102,62,1,"undirected",51,52,"node 102 to 62"
103,40,1,"undirected",51,52,"node 103 to 40"
103,80,1,"undirected",51,52,"node 103 to 80"
104,10,1,"undirected",52,52,"node 104 to 10"
104,73,1,"undirected",52,52,"node 104 to 73"
105,4,1,"undirected",52,52,"node 105 to 4"
105,33,1,"undirected",52,52,"node 105 to 33"
